NM_MUNICIPIO,NR_TURNO,NR_SECAO,NM_LOCAL_VOTACAO,NR_LATITUDE,NR_LONGITUDE
LUCÉLIA,1,7,EE JOSE FIRPO,-1.0,-1.0
OSVALDO CRUZ,1,115,ETEC AMIM JUNDI,-21.7914906,-50.8765847
ADAMANTINA,1,39,EMEF. NAVARRO DE ANDRADE,-21.6891015,-51.0798656
CÂNDIDO MOTA,1,18,EEPG. CLOTILDE DE CASTRO BARREIRA,-22.7473525,-50.3875546
ADAMANTINA,1,66,EMEF. PROFESSORA TERUYO KIKUTA,-21.683468,-51.0678073
CÂNDIDO MOTA,1,73,ETEC PROF. LUIZ PIRES BARBOSA,-22.7429184,-50.374665
TARUMÃ,1,113,E.M.E.F.E.I. GILBERTO LEX,-22.7525683,-50.5773583
ADAMANTINA,1,1,FACULDADES  ADAMANTINENSES INTEGRADAS - CAMPUS I,-21.6856842,-51.0798299
LUCÉLIA,1,47,EMEF.  PROFA SOLEDADE DOMINGUES IGLESIA,-1.0,-1.0
RANCHARIA,1,68,EE. JOSÉ GIORGI,-22.2272722,-50.8834943
OSVALDO CRUZ,1,98,EE PROFA MARIA APARECIDA LOPES,-21.7974634,-50.8955461
TUPÃ,1,154,EE .PROF. IRENE RESINA MIGLIORUCCI,-21.9303421,-50.4944143
DRACENA,1,7,FACULDADE DE DRACENA - FAD/UNIESP,-1.0,-1.0
DRACENA,1,29,EE PROFA JULIETA GUEDES DE MENDONCA,-21.4935667,-51.5381708
DRACENA,1,34,EE PROFA JULIETA GUEDES DE MENDONCA,-21.4935667,-51.5381708
TUPÃ,1,31,EE. PROF. HELENA PAVANELLI PORTO,-21.9387273,-50.5131266
PARAPUÃ,1,74,EE DE PARAPUA,-21.778316,-50.7940589
TUPÃ,1,94,EE.  PROF. ESTHER VERIS CERPE,-21.9314332,-50.5213298
DRACENA,1,32,EE PROFA JULIETA GUEDES DE MENDONCA,-21.4935667,-51.5381708
DRACENA,1,114,FACULDADE REGES,-21.5033029,-51.542601
TUPÃ,1,59,EE. PROF.  ANÍSIO CARNEIRO,-21.9260699,-50.5106997
CÂNDIDO MOTA,1,33,EM. HELENA PUPIM ALBANEZ,-22.7425495,-50.3907126
TUPÃ,1,186,EMEF. PROF. JOÃO GERALDO IORI,-21.9319082,-50.4908439
LUCÉLIA,1,34,EMEI ADELITA FIRPO,-1.0,-1.0
TUPÃ,1,147,EE. MAESTRO NELSON DE CASTRO,-21.9428371,-50.5225869
ADAMANTINA,1,17,EE. PROFESSORA FLEURIDES CAVALLINI MENECHINO,-21.6930535,-51.0701944
DRACENA,1,33,EE PROFA JULIETA GUEDES DE MENDONCA,-21.4935667,-51.5381708
TUPÃ,1,143,EE. ÍNDIA VANUIRE,-21.9350893,-50.5169581
TARUMÃ,1,119,E.M.E.F.E.I. JOSÉ RODRIGUES DOS SANTOS,-22.7457483,-50.5841683
TARUMÃ,1,115,E.M.E.F.E.I. GILBERTO LEX,-22.7525683,-50.5773583
TUPÃ,1,19,EE. DR. LÉLIO TOLEDO  PIZA E ALMEIDA,-21.9385669,-50.5163101
DRACENA,1,12,EE ENG ISAC PEREIRA GARCEZ,-21.4844021,-51.5313189
LUCÉLIA,1,18,EMEF PROFA MARIA DO CARMO DE MENEZES MENDONCA,-1.0,-1.0
LUCÉLIA,1,51,EE JOSE FIRPO,-1.0,-1.0
RANCHARIA,1,50,EE. DOM ANTONIO JOSÉ DOS SANTOS,-22.2280026,-50.8917407
OSVALDO CRUZ,1,102,EE PROFA MARIA APARECIDA LOPES,-21.7974634,-50.8955461
ADAMANTINA,1,15,EE. PROFESSORA FLEURIDES CAVALLINI MENECHINO,-21.6930535,-51.0701944
RANCHARIA,1,29,EE. DR. BENEDITO MARTINS BARBOSA,-22.2263605,-50.8905838
TARUMÃ,1,205,EE. VILA DO LAGO,-22.7519583,-50.5785583
DRACENA,1,76,FACULDADE REGES,-21.5033029,-51.542601
DRACENA,1,88,EMEFI PROFA LUIZA ROSSA RIBEIRO,-21.4872018,-51.5460907
TUPÃ,1,53,EE. PROF.  ANÍSIO CARNEIRO,-21.9260699,-50.5106997
RANCHARIA,1,153,EE. DOM ANTONIO JOSÉ DOS SANTOS,-22.2280026,-50.8917407
OSVALDO CRUZ,1,118,EE PROFA MARIA APARECIDA LOPES,-21.7974634,-50.8955461
CÂNDIDO MOTA,1,54,EE. DR. JOSÉ AUGUSTO DE CARVALHO,-22.7505989,-50.3863
TUPÃ,1,76,EE. JOAQUIM ABARCA,-21.9249798,-50.5229554
TUPÃ,1,125,ETE. PROF.  MASSUYUKI KAWANO,-21.9388465,-50.5267171
TUPÃ,1,145,EE. MAESTRO NELSON DE CASTRO,-21.9428371,-50.5225869
LUCÉLIA,1,50,EMEF PROFA MARIA DO CARMO DE MENEZES MENDONCA,-1.0,-1.0
TUPÃ,1,114,EMEF. PROF. ODINIR MAGNANI,-21.9215103,-50.5308818
DRACENA,1,79,COLÉGIO DASK,-21.4898718,-51.5223318
TUPÃ,1,58,EE. PROF.  ANÍSIO CARNEIRO,-21.9260699,-50.5106997
TUPÃ,1,67,EE.  PROF. ESTHER VERIS CERPE,-21.9314332,-50.5213298
TUPÃ,1,35,EE. PROF. HELENA PAVANELLI PORTO,-21.9387273,-50.5131266
TUPÃ,1,85,EE. JOAQUIM ABARCA,-21.9249798,-50.5229554
TUPÃ,1,45,EE. PROF. SEBASTIÃO TEIXEIRA PINTO,-21.9384359,-50.5053357
TUPÃ,1,155,EE .PROF. IRENE RESINA MIGLIORUCCI,-21.9303421,-50.4944143
CÂNDIDO MOTA,1,24,EEPG. CLOTILDE DE CASTRO BARREIRA,-22.7473525,-50.3875546
RANCHARIA,1,88,EE. DOM ANTONIO JOSÉ DOS SANTOS,-22.2280026,-50.8917407
TUPÃ,1,126,EMEF. PROF. ODINIR MAGNANI,-21.9215103,-50.5308818
RANCHARIA,1,33,EM. DONA MILOCA,-22.2309771,-50.8993541
RANCHARIA,1,59,EM. LUIZ DORINI,-22.2302582,-50.8758251
RANCHARIA,1,40,EE. JOÃO PEREZ SANTOS,-22.5322111,-50.9114426
TUPÃ,1,120,EMEF. PROF. JOÃO GERALDO IORI,-21.9319082,-50.4908439
TARUMÃ,1,208,E.M.E.F.E.I. JOSÉ RODRIGUES DOS SANTOS,-22.7457483,-50.5841683
TUPÃ,1,158,EMEF. GOVERNADOR MÁRIO COVAS,-21.9443228,-50.4919288
DRACENA,1,55,FACULDADE REGES,-21.5033029,-51.542601
DRACENA,1,13,EE ENG ISAC PEREIRA GARCEZ,-21.4844021,-51.5313189
PARAPUÃ,1,80,EMEF PROFESSORA ZIZI PEREIRA DE SOUZA,-21.782315,-50.7888623
ADAMANTINA,1,87,EE. PROFESSORA FLEURIDES CAVALLINI MENECHINO,-21.6930535,-51.0701944
ADAMANTINA,1,116,ETE PROFESSOR EUDÉCIO LUIZ VICENTE,-21.6780524,-51.0694713
TUPÃ,1,36,EE. ÍNDIA VANUIRE,-21.9350893,-50.5169581
CÂNDIDO MOTA,1,65,EEPG. PROFA. OLGA BREVE ALVES,-22.7554255,-50.3717527
CÂNDIDO MOTA,1,45,EEPG. ANTONIO FONTANA,-22.8420265,-50.5195326
OSVALDO CRUZ,1,82,EMEFI DOUTOR GETULIO VARGAS,-21.7999407,-50.8724599
RANCHARIA,1,37,EE. JOSÉ GIORGI,-22.2272722,-50.8834943
TUPÃ,1,34,EE. PROF. HELENA PAVANELLI PORTO,-21.9387273,-50.5131266
PARAPUÃ,1,61,EE DE PARAPUA,-21.778316,-50.7940589
ADAMANTINA,1,86,EE. PROFESSOR DURVALINO GRION,-21.6785734,-51.0768388
TUPÃ,1,28,EE. PROF. HELENA PAVANELLI PORTO,-21.9387273,-50.5131266
TUPÃ,1,17,EE. DR. LÉLIO TOLEDO  PIZA E ALMEIDA,-21.9385669,-50.5163101
ADAMANTINA,1,69,EE. PROFESSOR DURVALINO GRION,-21.6785734,-51.0768388
LUCÉLIA,1,40,EMEF PROFA MARIA DO CARMO DE MENEZES MENDONCA,-1.0,-1.0
LUCÉLIA,1,33,EMEI ADELITA FIRPO,-1.0,-1.0
TUPÃ,1,32,EE. PROF. HELENA PAVANELLI PORTO,-21.9387273,-50.5131266
TUPÃ,1,4,EE. ÍNDIA VANUIRE,-21.9350893,-50.5169581
OSVALDO CRUZ,1,7,ETEC AMIM JUNDI,-21.7914906,-50.8765847
RANCHARIA,1,16,EM. DR. JULIO LUCANT,-22.2271764,-50.8917237
TUPÃ,1,70,EE.  PROF. ESTHER VERIS CERPE,-21.9314332,-50.5213298
TUPÃ,1,144,EE. MAESTRO NELSON DE CASTRO,-21.9428371,-50.5225869
TUPÃ,1,99,EE. LUIZ DE SOUZA LEÃO,-21.932653,-50.5022959
ADAMANTINA,1,8,EE. PROFESSORA FLEURIDES CAVALLINI MENECHINO,-21.6930535,-51.0701944
CÂNDIDO MOTA,1,13,EE. JOSÉ DOS SANTOS ALMEIDA,-22.7489986,-50.3837065
TUPÃ,1,124,EE .PROF. IRENE RESINA MIGLIORUCCI,-21.9303421,-50.4944143
DRACENA,1,111,COLÉGIO DASK,-21.4898718,-51.5223318
DRACENA,1,5,EMEFI JOAO VENDRAMINI,-21.4832305,-51.5344182
PARAPUÃ,1,100,CRECHE ESCOLA PEQUENO PRÍNCIPE,-21.779962,-50.7855859
OSVALDO CRUZ,1,2,ETEC AMIM JUNDI,-21.7914906,-50.8765847
RANCHARIA,1,42,EMEFEI. CARLOS BUENO DE TOLEDO,-22.6262523,-50.9066885
RANCHARIA,1,58,EE. JOSÉ GIORGI,-22.2272722,-50.8834943
RANCHARIA,1,69,EM. DONA MILOCA,-22.2309771,-50.8993541
RANCHARIA,1,82,EM. LUIZ DORINI,-22.2302582,-50.8758251
OSVALDO CRUZ,1,69,EE DOM BOSCO,-21.7964924,-50.8799394
LUCÉLIA,1,59,EMEF ARGEMIRO DE ALMEIDA GONZAGA,-1.0,-1.0
LUCÉLIA,1,55,EE JOSE FIRPO,-1.0,-1.0
OSVALDO CRUZ,1,24,COLÉGIO APOLO,-21.7991197,-50.8734154
CÂNDIDO MOTA,1,1,EEPSG. RACHID JABUR,-22.7407859,-50.391589
TUPÃ,1,15,EE. DR. LÉLIO TOLEDO  PIZA E ALMEIDA,-21.9385669,-50.5163101
TUPÃ,1,136,EE.  PROF. ESTHER VERIS CERPE,-21.9314332,-50.5213298
RANCHARIA,1,22,EE. DOM ANTONIO JOSÉ DOS SANTOS,-22.2280026,-50.8917407
DRACENA,1,39,EMEFI PROFA LUIZA ROSSA RIBEIRO,-21.4872018,-51.5460907
CÂNDIDO MOTA,1,60,EEPG. PROFA. OLGA BREVE ALVES,-22.7554255,-50.3717527
RANCHARIA,1,57,ASSOCIAÇÃO DE PAIS E AMIGOS DOS EXCEPCIONAIS,-22.2279013,-50.8937046
OSVALDO CRUZ,1,6,ETEC AMIM JUNDI,-21.7914906,-50.8765847
TUPÃ,1,174,EMEF. PROF. ODINIR MAGNANI,-21.9215103,-50.5308818
CÂNDIDO MOTA,1,49,EE. DR. JOSÉ AUGUSTO DE CARVALHO,-22.7505989,-50.3863
ADAMANTINA,1,106,EE. HELEN KELLER,-21.6924798,-51.069082
TUPÃ,1,141,EE. DR. LÉLIO TOLEDO  PIZA E ALMEIDA,-21.9385669,-50.5163101
ADAMANTINA,1,77,EE. HELEN KELLER,-21.6924798,-51.069082
TUPÃ,1,118,EE.  PROF. ESTHER VERIS CERPE,-21.9314332,-50.5213298
LUCÉLIA,1,45,EMEI ADELITA FIRPO,-1.0,-1.0
ADAMANTINA,1,26,EE. PROFESSOR DURVALINO GRION,-21.6785734,-51.0768388
PARAPUÃ,1,39,EMEF PROFESSORA ZIZI PEREIRA DE SOUZA,-21.782315,-50.7888623
TUPÃ,1,119,EE .PROF. IRENE RESINA MIGLIORUCCI,-21.9303421,-50.4944143
DRACENA,1,73,ESCOLA TÉCNICA CEP/UME,-21.4858446,-51.5317264
TARUMÃ,1,114,E.M.E.F.E.I. GILBERTO LEX,-22.7525683,-50.5773583
DRACENA,1,108,FACULDADE DE DRACENA - FAD/UNIESP,-1.0,-1.0
TUPÃ,1,11,EE. ÍNDIA VANUIRE,-21.9350893,-50.5169581
TARUMÃ,1,112,E.M.E.F.E.I. GILBERTO LEX,-22.7525683,-50.5773583
TUPÃ,1,91,EE. LUIZ DE SOUZA LEÃO,-21.932653,-50.5022959
TUPÃ,1,12,EE. DR. LÉLIO TOLEDO  PIZA E ALMEIDA,-21.9385669,-50.5163101
LUCÉLIA,1,24,EMEF ARGEMIRO DE ALMEIDA GONZAGA,-1.0,-1.0
DRACENA,1,113,E.E ALFREDO MACHADO,-21.4906607,-51.5537528
RANCHARIA,1,48,EM. DR. JULIO LUCANT,-22.2271764,-50.8917237
OSVALDO CRUZ,1,84,SESI,-21.8008372,-50.8839758
PARAPUÃ,1,34,EE DE PARAPUA,-21.778316,-50.7940589
OSVALDO CRUZ,1,122,EE PROFA MARIA APARECIDA LOPES,-21.7974634,-50.8955461
RANCHARIA,1,23,EE. DOM ANTONIO JOSÉ DOS SANTOS,-22.2280026,-50.8917407
RANCHARIA,1,80,EE. PROF. MARIO FIORANTE,-22.2301281,-50.9061034
DRACENA,1,63,FACULDADE REGES,-21.5033029,-51.542601
TUPÃ,1,121,EMEF. PROF. ODINIR MAGNANI,-21.9215103,-50.5308818
TUPÃ,1,152,EE .PROF. IRENE RESINA MIGLIORUCCI,-21.9303421,-50.4944143
ADAMANTINA,1,27,EE. PROFESSOR DURVALINO GRION,-21.6785734,-51.0768388
DRACENA,1,112,FACULDADE REGES,-21.5033029,-51.542601
ADAMANTINA,1,43,EMEF. NAVARRO DE ANDRADE,-21.6891015,-51.0798656
TARUMÃ,1,123,E.M.E.F.E.I. JOSÉ RODRIGUES DOS SANTOS,-22.7457483,-50.5841683
TUPÃ,1,139,EE.  PROF. ESTHER VERIS CERPE,-21.9314332,-50.5213298
TUPÃ,1,60,EMEIEF. PROF. GINO BOLOGNESI,-21.9454086,-50.4398472
CÂNDIDO MOTA,1,19,EEPG. CLOTILDE DE CASTRO BARREIRA,-22.7473525,-50.3875546
CÂNDIDO MOTA,1,68,EMEI JOÃO E MARIA,-22.7547454,-50.3756714
RANCHARIA,1,13,ASSOCIAÇÃO DE PAIS E AMIGOS DOS EXCEPCIONAIS,-22.2279013,-50.8937046
PARAPUÃ,1,104,CRECHE ESCOLA PEQUENO PRÍNCIPE,-21.779962,-50.7855859
TUPÃ,1,165,EMEF. PROF. JOÃO GERALDO IORI,-21.9319082,-50.4908439
OSVALDO CRUZ,1,110,SESI,-21.8008372,-50.8839758
TUPÃ,1,10,EE. ÍNDIA VANUIRE,-21.9350893,-50.5169581
PARAPUÃ,1,114,EMEF PROFESSORA ZIZI PEREIRA DE SOUZA,-21.782315,-50.7888623
TUPÃ,1,21,EE. ÍNDIA VANUIRE,-21.9350893,-50.5169581
TARUMÃ,1,129,E.M.E.F.E.I. MARIA ANTONIA BENELLI,-22.7434933,-50.5728068
OSVALDO CRUZ,1,106,EE PROFA MARIA APARECIDA LOPES,-21.7974634,-50.8955461
CÂNDIDO MOTA,1,16,EE. JOSÉ DOS SANTOS ALMEIDA,-22.7489986,-50.3837065
OSVALDO CRUZ,1,58,EE DOM BOSCO,-21.7964924,-50.8799394
LUCÉLIA,1,25,EMEI ADELITA FIRPO,-1.0,-1.0
TUPÃ,1,56,EE. PROF.  ANÍSIO CARNEIRO,-21.9260699,-50.5106997
DRACENA,1,9,EE ENG ISAC PEREIRA GARCEZ,-21.4844021,-51.5313189
ADAMANTINA,1,36,EMEF. NAVARRO DE ANDRADE,-21.6891015,-51.0798656
CÂNDIDO MOTA,1,55,EM. HELENA PUPIM ALBANEZ,-22.7425495,-50.3907126
TARUMÃ,1,139,EE. VILA DO LAGO,-22.7519583,-50.5785583
TARUMÃ,1,127,E.M.E.F.E.I. MARIA ANTONIA BENELLI,-22.7434933,-50.5728068
RANCHARIA,1,71,ASSOCIAÇÃO DE PAIS E AMIGOS DOS EXCEPCIONAIS,-22.2279013,-50.8937046
TUPÃ,1,74,EE. JOAQUIM ABARCA,-21.9249798,-50.5229554
TUPÃ,1,6,EE. ÍNDIA VANUIRE,-21.9350893,-50.5169581
DRACENA,1,4,EMEFI JOAO VENDRAMINI,-21.4832305,-51.5344182
DRACENA,1,99,E.E ALFREDO MACHADO,-21.4906607,-51.5537528
DRACENA,1,19,FADRA,-21.4863311,-51.5280478
CÂNDIDO MOTA,1,51,EEPG. PROFA. OLGA BREVE ALVES,-22.7554255,-50.3717527
DRACENA,1,100,EE 9 DE JULHO,-21.4897513,-51.5253035
ADAMANTINA,1,4,FACULDADES  ADAMANTINENSES INTEGRADAS - CAMPUS I,-21.6856842,-51.0798299
DRACENA,1,66,ESCOLA TÉCNICA CEP/UME,-21.4858446,-51.5317264
DRACENA,1,105,EE 9 DE JULHO,-21.4897513,-51.5253035
ADAMANTINA,1,16,EE. PROFESSORA FLEURIDES CAVALLINI MENECHINO,-21.6930535,-51.0701944
RANCHARIA,1,47,EE. JOÃO PEREZ SANTOS,-22.5322111,-50.9114426
OSVALDO CRUZ,1,97,COLÉGIO APOLO,-21.7991197,-50.8734154
ADAMANTINA,1,115,EE. HELEN KELLER,-21.6924798,-51.069082
TUPÃ,1,48,EE. PROF. SEBASTIÃO TEIXEIRA PINTO,-21.9384359,-50.5053357
CÂNDIDO MOTA,1,64,EM. HELENA PUPIM ALBANEZ,-22.7425495,-50.3907126
TUPÃ,1,9,EE. ÍNDIA VANUIRE,-21.9350893,-50.5169581
OSVALDO CRUZ,1,79,EMEFI DOUTOR GETULIO VARGAS,-21.7999407,-50.8724599
DRACENA,1,61,ESCOLA TÉCNICA CEP/UME,-21.4858446,-51.5317264
TUPÃ,1,97,EMEIEF. PROF. GINO BOLOGNESI,-21.9454086,-50.4398472
TUPÃ,1,129,EE. MAESTRO NELSON DE CASTRO,-21.9428371,-50.5225869
TUPÃ,1,42,EE. PROF. SEBASTIÃO TEIXEIRA PINTO,-21.9384359,-50.5053357
ADAMANTINA,1,41,EMEF. NAVARRO DE ANDRADE,-21.6891015,-51.0798656
OSVALDO CRUZ,1,14,ETEC AMIM JUNDI,-21.7914906,-50.8765847
OSVALDO CRUZ,1,117,COLÉGIO APOLO,-21.7991197,-50.8734154
CÂNDIDO MOTA,1,29,EEPG.SANTO HINO,-22.902427,-50.4236355
TUPÃ,1,156,EE .PROF. IRENE RESINA MIGLIORUCCI,-21.9303421,-50.4944143
RANCHARIA,1,25,EE. DOM ANTONIO JOSÉ DOS SANTOS,-22.2280026,-50.8917407
DRACENA,1,26,EE 9 DE JULHO,-21.4897513,-51.5253035
DRACENA,1,24,EE 9 DE JULHO,-21.4897513,-51.5253035
TUPÃ,1,16,EE. DR. LÉLIO TOLEDO  PIZA E ALMEIDA,-21.9385669,-50.5163101
TUPÃ,1,37,EE. ÍNDIA VANUIRE,-21.9350893,-50.5169581
ADAMANTINA,1,12,EE. PROFESSORA FLEURIDES CAVALLINI MENECHINO,-21.6930535,-51.0701944
RANCHARIA,1,17,EM. DR. JULIO LUCANT,-22.2271764,-50.8917237
RANCHARIA,1,39,EE. JOSÉ GIORGI,-22.2272722,-50.8834943
RANCHARIA,1,28,EE. DR. BENEDITO MARTINS BARBOSA,-22.2263605,-50.8905838
DRACENA,1,90,E.E ALFREDO MACHADO,-21.4906607,-51.5537528
TUPÃ,1,30,EE. PROF. HELENA PAVANELLI PORTO,-21.9387273,-50.5131266
CÂNDIDO MOTA,1,6,EEPSG. RACHID JABUR,-22.7407859,-50.391589
LUCÉLIA,1,23,EMEF.  PROFA SOLEDADE DOMINGUES IGLESIA,-1.0,-1.0
RANCHARIA,1,41,EMEFEI. CARLOS BUENO DE TOLEDO,-22.6262523,-50.9066885
LUCÉLIA,1,79,EMEF PROF CARLOS BUENO,-1.0,-1.0
OSVALDO CRUZ,1,5,ETEC AMIM JUNDI,-21.7914906,-50.8765847
OSVALDO CRUZ,1,87,SESI,-21.8008372,-50.8839758
TARUMÃ,1,136,E.M.E.F.E.I. JOSÉ OSÓRIO DE OLIVEIRA,-22.7481421,-50.5776579
DRACENA,1,23,FADRA,-21.4863311,-51.5280478
CÂNDIDO MOTA,1,17,EEPG. CLOTILDE DE CASTRO BARREIRA,-22.7473525,-50.3875546
OSVALDO CRUZ,1,91,EMEFI DOUTOR GETULIO VARGAS,-21.7999407,-50.8724599
TUPÃ,1,44,EE. PROF. SEBASTIÃO TEIXEIRA PINTO,-21.9384359,-50.5053357
OSVALDO CRUZ,1,1,ETEC AMIM JUNDI,-21.7914906,-50.8765847
ADAMANTINA,1,109,EE. PROFESSORA FLEURIDES CAVALLINI MENECHINO,-21.6930535,-51.0701944
ADAMANTINA,1,108,EMEF. PROFESSOR EURICO LEITE DE MORAES,-21.6593842,-51.0850649
TUPÃ,1,13,EE. DR. LÉLIO TOLEDO  PIZA E ALMEIDA,-21.9385669,-50.5163101
CÂNDIDO MOTA,1,35,EE. JOSÉ DOS SANTOS ALMEIDA,-22.7489986,-50.3837065
TUPÃ,1,184,EE. MAESTRO NELSON DE CASTRO,-21.9428371,-50.5225869
CÂNDIDO MOTA,1,63,EE. DR. JOSÉ AUGUSTO DE CARVALHO,-22.7505989,-50.3863
DRACENA,1,62,EMEFI PROFA LUIZA ROSSA RIBEIRO,-21.4872018,-51.5460907
TUPÃ,1,134,EE. PROF.  ANÍSIO CARNEIRO,-21.9260699,-50.5106997
ADAMANTINA,1,117,EMEF. PROFESSOR EURICO LEITE DE MORAES,-21.6593842,-51.0850649
DRACENA,1,36,EMEFI PROFA LUIZA ROSSA RIBEIRO,-21.4872018,-51.5460907
TUPÃ,1,102,EE. MAESTRO NELSON DE CASTRO,-21.9428371,-50.5225869
TUPÃ,1,39,EE. PROF. SEBASTIÃO TEIXEIRA PINTO,-21.9384359,-50.5053357
ADAMANTINA,1,32,EMEF. PROFESSORA TERUYO KIKUTA,-21.683468,-51.0678073
PARAPUÃ,1,59,EMEF PROFESSORA ZIZI PEREIRA DE SOUZA,-21.782315,-50.7888623
OSVALDO CRUZ,1,4,ETEC AMIM JUNDI,-21.7914906,-50.8765847
CÂNDIDO MOTA,1,22,EEPG. CLOTILDE DE CASTRO BARREIRA,-22.7473525,-50.3875546
DRACENA,1,60,ESCOLA TÉCNICA CEP/UME,-21.4858446,-51.5317264
DRACENA,1,67,EMEFI PROFA LUIZA ROSSA RIBEIRO,-21.4872018,-51.5460907
DRACENA,1,95,EE ENG ISAC PEREIRA GARCEZ,-21.4844021,-51.5313189
PARAPUÃ,1,32,EE DE PARAPUA,-21.778316,-50.7940589
RANCHARIA,1,60,EE. PROF. MARIO FIORANTE,-22.2301281,-50.9061034
TUPÃ,1,151,EE .PROF. IRENE RESINA MIGLIORUCCI,-21.9303421,-50.4944143
RANCHARIA,1,18,EM. DR. JULIO LUCANT,-22.2271764,-50.8917237
OSVALDO CRUZ,1,64,ETEC AMIM JUNDI,-21.7914906,-50.8765847
DRACENA,1,35,EE PROFA JULIETA GUEDES DE MENDONCA,-21.4935667,-51.5381708
TARUMÃ,1,135,E.M.E.F.E.I. JOSÉ OSÓRIO DE OLIVEIRA,-22.7481421,-50.5776579
OSVALDO CRUZ,1,103,EE PROFA MARIA APARECIDA LOPES,-21.7974634,-50.8955461
LUCÉLIA,1,27,EMEF ARGEMIRO DE ALMEIDA GONZAGA,-1.0,-1.0
TUPÃ,1,90,EE. LUIZ DE SOUZA LEÃO,-21.932653,-50.5022959
TARUMÃ,1,126,E.M.E.F.E.I. MARIA ANTONIA BENELLI,-22.7434933,-50.5728068
OSVALDO CRUZ,1,128,EE PROFA MARIA APARECIDA LOPES,-21.7974634,-50.8955461
LUCÉLIA,1,56,EMEF PROFA MARIA DO CARMO DE MENEZES MENDONCA,-1.0,-1.0
TARUMÃ,1,122,E.M.E.F.E.I. JOSÉ RODRIGUES DOS SANTOS,-22.7457483,-50.5841683
LUCÉLIA,1,52,EMEF PROF CARLOS BUENO,-1.0,-1.0
ADAMANTINA,1,5,FACULDADES  ADAMANTINENSES INTEGRADAS - CAMPUS I,-21.6856842,-51.0798299
RANCHARIA,1,32,EE. DR. BENEDITO MARTINS BARBOSA,-22.2263605,-50.8905838
ADAMANTINA,1,23,EE. HELEN KELLER,-21.6924798,-51.069082
CÂNDIDO MOTA,1,58,EE. DR. JOSÉ AUGUSTO DE CARVALHO,-22.7505989,-50.3863
CÂNDIDO MOTA,1,66,EEPG. CLOTILDE DE CASTRO BARREIRA,-22.7473525,-50.3875546
OSVALDO CRUZ,1,72,EE DOM BOSCO,-21.7964924,-50.8799394
OSVALDO CRUZ,1,3,ETEC AMIM JUNDI,-21.7914906,-50.8765847
RANCHARIA,1,96,EE. PROF. MARIO FIORANTE,-22.2301281,-50.9061034
RANCHARIA,1,38,EE. JOSÉ GIORGI,-22.2272722,-50.8834943
RANCHARIA,1,78,EE. PROF. MARIO FIORANTE,-22.2301281,-50.9061034
LUCÉLIA,1,80,EMEF PROF CARLOS BUENO,-1.0,-1.0
TARUMÃ,1,124,E.M.E.F.E.I. JOSÉ RODRIGUES DOS SANTOS,-22.7457483,-50.5841683
LUCÉLIA,1,44,EMEF PROF CARLOS BUENO,-1.0,-1.0
TUPÃ,1,46,EE. PROF. SEBASTIÃO TEIXEIRA PINTO,-21.9384359,-50.5053357
PARAPUÃ,1,123,EMEF PROFESSORA ZIZI PEREIRA DE SOUZA,-21.782315,-50.7888623
CÂNDIDO MOTA,1,42,EEPG. PROFA. OLGA BREVE ALVES,-22.7554255,-50.3717527
OSVALDO CRUZ,1,124,EE DOM BOSCO,-21.7964924,-50.8799394
OSVALDO CRUZ,1,78,SESI,-21.8008372,-50.8839758
ADAMANTINA,1,112,FACULDADES  ADAMANTINENSES INTEGRADAS - CAMPUS I,-21.6856842,-51.0798299
CÂNDIDO MOTA,1,36,EE. JOSÉ DOS SANTOS ALMEIDA,-22.7489986,-50.3837065
RANCHARIA,1,43,EE. JOSÉ GIORGI,-22.2272722,-50.8834943
RANCHARIA,1,54,EE. DOM ANTONIO JOSÉ DOS SANTOS,-22.2280026,-50.8917407
TUPÃ,1,20,EE. ÍNDIA VANUIRE,-21.9350893,-50.5169581
TUPÃ,1,8,EE. ÍNDIA VANUIRE,-21.9350893,-50.5169581
TUPÃ,1,49,EE. PROF. SEBASTIÃO TEIXEIRA PINTO,-21.9384359,-50.5053357
DRACENA,1,58,FACULDADE REGES,-21.5033029,-51.542601
DRACENA,1,25,EE 9 DE JULHO,-21.4897513,-51.5253035
LUCÉLIA,1,58,EMEI ADELITA FIRPO,-1.0,-1.0
TUPÃ,1,95,ETE. PROF.  MASSUYUKI KAWANO,-21.9388465,-50.5267171
DRACENA,1,101,FACULDADE REGES,-21.5033029,-51.542601
TUPÃ,1,106,EE. LUIZ DE SOUZA LEÃO,-21.932653,-50.5022959
CÂNDIDO MOTA,1,46,EE. DR. JOSÉ AUGUSTO DE CARVALHO,-22.7505989,-50.3863
ADAMANTINA,1,2,FACULDADES  ADAMANTINENSES INTEGRADAS - CAMPUS I,-21.6856842,-51.0798299
DRACENA,1,80,FADRA,-21.4863311,-51.5280478
LUCÉLIA,1,20,EMEF PROFA MARIA DO CARMO DE MENEZES MENDONCA,-1.0,-1.0
ADAMANTINA,1,37,EMEF. NAVARRO DE ANDRADE,-21.6891015,-51.0798656
RANCHARIA,1,94,E.M LÁZARA NOGUEIRA SEVERO LINS,-22.2279879,-50.9126736
ADAMANTINA,1,30,EMEF. PROFESSORA TERUYO KIKUTA,-21.683468,-51.0678073
PARAPUÃ,1,83,EMEF PROFESSORA ZIZI PEREIRA DE SOUZA,-21.782315,-50.7888623
TARUMÃ,1,133,E.M.E.F.E.I. JOSÉ OSÓRIO DE OLIVEIRA,-22.7481421,-50.5776579
OSVALDO CRUZ,1,26,COLÉGIO APOLO,-21.7991197,-50.8734154
TUPÃ,1,51,EE. PROF.  ANÍSIO CARNEIRO,-21.9260699,-50.5106997
TUPÃ,1,110,EE .PROF. IRENE RESINA MIGLIORUCCI,-21.9303421,-50.4944143
LUCÉLIA,1,22,EMEF.  PROFA SOLEDADE DOMINGUES IGLESIA,-1.0,-1.0
TUPÃ,1,25,EE. JOAQUIM ABARCA,-21.9249798,-50.5229554
DRACENA,1,98,EMEFI PROFA LUIZA ROSSA RIBEIRO,-21.4872018,-51.5460907
CÂNDIDO MOTA,1,5,EEPSG. RACHID JABUR,-22.7407859,-50.391589
TUPÃ,1,113,EMEIEF. ALTINO MARTINEZ,-21.9029839,-50.5974968
TUPÃ,1,146,EE. MAESTRO NELSON DE CASTRO,-21.9428371,-50.5225869
OSVALDO CRUZ,1,92,COLÉGIO APOLO,-21.7991197,-50.8734154
DRACENA,1,14,EE ENG ISAC PEREIRA GARCEZ,-21.4844021,-51.5313189
TUPÃ,1,84,EMEIEF. ALTINO MARTINEZ,-21.9029839,-50.5974968
OSVALDO CRUZ,1,20,EMEFI DOUTOR GETULIO VARGAS,-21.7999407,-50.8724599
TUPÃ,1,57,EE. PROF.  ANÍSIO CARNEIRO,-21.9260699,-50.5106997
CÂNDIDO MOTA,1,57,EM. HELENA PUPIM ALBANEZ,-22.7425495,-50.3907126
LUCÉLIA,1,14,EMEF.  PROFA SOLEDADE DOMINGUES IGLESIA,-1.0,-1.0
TUPÃ,1,47,EE. PROF. SEBASTIÃO TEIXEIRA PINTO,-21.9384359,-50.5053357
DRACENA,1,102,E.E ALFREDO MACHADO,-21.4906607,-51.5537528
CÂNDIDO MOTA,1,62,EM. HELENA PUPIM ALBANEZ,-22.7425495,-50.3907126
OSVALDO CRUZ,1,30,COLÉGIO APOLO,-21.7991197,-50.8734154
OSVALDO CRUZ,1,111,ETEC AMIM JUNDI,-21.7914906,-50.8765847
OSVALDO CRUZ,1,86,SESI,-21.8008372,-50.8839758
TARUMÃ,1,128,E.M.E.F.E.I. MARIA ANTONIA BENELLI,-22.7434933,-50.5728068
TUPÃ,1,79,EE. JOAQUIM ABARCA,-21.9249798,-50.5229554
PARAPUÃ,1,99,CRECHE ESCOLA PEQUENO PRÍNCIPE,-21.779962,-50.7855859
OSVALDO CRUZ,1,60,EE DOM BOSCO,-21.7964924,-50.8799394
OSVALDO CRUZ,1,19,EMEFI DOUTOR GETULIO VARGAS,-21.7999407,-50.8724599
PARAPUÃ,1,42,EMEF PROFESSORA ZIZI PEREIRA DE SOUZA,-21.782315,-50.7888623
OSVALDO CRUZ,1,17,EMEFI DOUTOR GETULIO VARGAS,-21.7999407,-50.8724599
DRACENA,1,22,FADRA,-21.4863311,-51.5280478
DRACENA,1,18,FADRA,-21.4863311,-51.5280478
DRACENA,1,15,EE ENG ISAC PEREIRA GARCEZ,-21.4844021,-51.5313189
TUPÃ,1,164,EMEF. PROF. JOÃO GERALDO IORI,-21.9319082,-50.4908439
ADAMANTINA,1,99,ETE PROFESSOR EUDÉCIO LUIZ VICENTE,-21.6780524,-51.0694713
RANCHARIA,1,93,E.M LÁZARA NOGUEIRA SEVERO LINS,-22.2279879,-50.9126736
OSVALDO CRUZ,1,29,COLÉGIO APOLO,-21.7991197,-50.8734154
RANCHARIA,1,152,E.M LÁZARA NOGUEIRA SEVERO LINS,-22.2279879,-50.9126736
DRACENA,1,45,EMEFI AMADOR FRANCO DA SILVEIRA,-21.5140562,-51.6167994
RANCHARIA,1,31,EE. DR. BENEDITO MARTINS BARBOSA,-22.2263605,-50.8905838
RANCHARIA,1,98,E.M LÁZARA NOGUEIRA SEVERO LINS,-22.2279879,-50.9126736
ADAMANTINA,1,29,EMEF. PROFESSORA TERUYO KIKUTA,-21.683468,-51.0678073
TUPÃ,1,96,EE. MAESTRO NELSON DE CASTRO,-21.9428371,-50.5225869
CÂNDIDO MOTA,1,34,EM. HELENA PUPIM ALBANEZ,-22.7425495,-50.3907126
ADAMANTINA,1,42,EMEF. NAVARRO DE ANDRADE,-21.6891015,-51.0798656
TUPÃ,1,150,EE .PROF. IRENE RESINA MIGLIORUCCI,-21.9303421,-50.4944143
TUPÃ,1,123,EE. MAESTRO NELSON DE CASTRO,-21.9428371,-50.5225869
DRACENA,1,21,FADRA,-21.4863311,-51.5280478
OSVALDO CRUZ,1,93,SESI,-21.8008372,-50.8839758
TUPÃ,1,29,EE. PROF. HELENA PAVANELLI PORTO,-21.9387273,-50.5131266
TUPÃ,1,127,EE .PROF. IRENE RESINA MIGLIORUCCI,-21.9303421,-50.4944143
TUPÃ,1,1,EE. ÍNDIA VANUIRE,-21.9350893,-50.5169581
CÂNDIDO MOTA,1,67,EMEI JOÃO E MARIA,-22.7547454,-50.3756714
ADAMANTINA,1,11,EE. PROFESSORA FLEURIDES CAVALLINI MENECHINO,-21.6930535,-51.0701944
RANCHARIA,1,53,EM. DONA MILOCA,-22.2309771,-50.8993541
OSVALDO CRUZ,1,90,SESI,-21.8008372,-50.8839758
PARAPUÃ,1,41,EMEF PROFESSORA ZIZI PEREIRA DE SOUZA,-21.782315,-50.7888623
TUPÃ,1,128,EMEF. GOVERNADOR MÁRIO COVAS,-21.9443228,-50.4919288
DRACENA,1,94,FACULDADE DE DRACENA - FAD/UNIESP,-1.0,-1.0
RANCHARIA,1,36,EM. DONA MILOCA,-22.2309771,-50.8993541
TARUMÃ,1,117,E.M.E.F.E.I. GILBERTO LEX,-22.7525683,-50.5773583
PARAPUÃ,1,31,EE DE PARAPUA,-21.778316,-50.7940589
DRACENA,1,38,EMEFI PROFA LUIZA ROSSA RIBEIRO,-21.4872018,-51.5460907
ADAMANTINA,1,79,EMEF. NAVARRO DE ANDRADE,-21.6891015,-51.0798656
LUCÉLIA,1,19,EMEF PROFA MARIA DO CARMO DE MENEZES MENDONCA,-1.0,-1.0
ADAMANTINA,1,40,EMEF. NAVARRO DE ANDRADE,-21.6891015,-51.0798656
CÂNDIDO MOTA,1,30,EM. HELENA PUPIM ALBANEZ,-22.7425495,-50.3907126
TUPÃ,1,5,EE. ÍNDIA VANUIRE,-21.9350893,-50.5169581
TUPÃ,1,61,EE. JOÃO BREDIKS,-22.0807268,-50.5385296
TUPÃ,1,132,EE. ÍNDIA VANUIRE,-21.9350893,-50.5169581
RANCHARIA,1,73,EE. PROF. MARIO FIORANTE,-22.2301281,-50.9061034
PARAPUÃ,1,38,EMEF PROFESSORA ZIZI PEREIRA DE SOUZA,-21.782315,-50.7888623
DRACENA,1,84,FADRA,-21.4863311,-51.5280478
TUPÃ,1,69,EE.  PROF. ESTHER VERIS CERPE,-21.9314332,-50.5213298
RANCHARIA,1,61,ASSOCIAÇÃO DE PAIS E AMIGOS DOS EXCEPCIONAIS,-22.2279013,-50.8937046
RANCHARIA,1,67,EMEFEI. CARLOS BUENO DE TOLEDO,-22.6262523,-50.9066885
CÂNDIDO MOTA,1,39,EM. HELENA PUPIM ALBANEZ,-22.7425495,-50.3907126
CÂNDIDO MOTA,1,26,EEPG. ANTONIO FONTANA,-22.8420265,-50.5195326
ADAMANTINA,1,88,EMEF. NAVARRO DE ANDRADE,-21.6891015,-51.0798656
TUPÃ,1,68,EE.  PROF. ESTHER VERIS CERPE,-21.9314332,-50.5213298
TARUMÃ,1,137,E.M.E.F.E.I. JOSÉ OSÓRIO DE OLIVEIRA,-22.7481421,-50.5776579
TUPÃ,1,40,EE. PROF. SEBASTIÃO TEIXEIRA PINTO,-21.9384359,-50.5053357
ADAMANTINA,1,95,EE. PROFESSORA FLEURIDES CAVALLINI MENECHINO,-21.6930535,-51.0701944
TUPÃ,1,100,ETE. PROF.  MASSUYUKI KAWANO,-21.9388465,-50.5267171
LUCÉLIA,1,66,EMEF PROF CARLOS BUENO,-1.0,-1.0
ADAMANTINA,1,107,ETE PROFESSOR EUDÉCIO LUIZ VICENTE,-21.6780524,-51.0694713
RANCHARIA,1,151,EE. PROF. MARIO FIORANTE,-22.2301281,-50.9061034
TARUMÃ,1,141,EE. VILA DO LAGO,-22.7519583,-50.5785583
OSVALDO CRUZ,1,25,COLÉGIO APOLO,-21.7991197,-50.8734154
DRACENA,1,70,COLÉGIO DASK,-21.4898718,-51.5223318
RANCHARIA,1,62,EE. DOM ANTONIO JOSÉ DOS SANTOS,-22.2280026,-50.8917407
LUCÉLIA,1,31,EMEF PROFA MARIA DO CARMO DE MENEZES MENDONCA,-1.0,-1.0
TUPÃ,1,87,EE. JOAQUIM ABARCA,-21.9249798,-50.5229554
TUPÃ,1,26,EE. JOAQUIM ABARCA,-21.9249798,-50.5229554
TUPÃ,1,122,EMEF. GOVERNADOR MÁRIO COVAS,-21.9443228,-50.4919288
OSVALDO CRUZ,1,21,EMEFI DOUTOR GETULIO VARGAS,-21.7999407,-50.8724599
TUPÃ,1,177,EMEF. PROF. ODINIR MAGNANI,-21.9215103,-50.5308818
LUCÉLIA,1,15,EMEF.  PROFA SOLEDADE DOMINGUES IGLESIA,-1.0,-1.0
LUCÉLIA,1,10,EE JOSE FIRPO,-1.0,-1.0
DRACENA,1,1,EMEFI JOAO VENDRAMINI,-21.4832305,-51.5344182
RANCHARIA,1,89,EE. JOSÉ GIORGI,-22.2272722,-50.8834943
ADAMANTINA,1,67,EE. PROFESSORA FLEURIDES CAVALLINI MENECHINO,-21.6930535,-51.0701944
ADAMANTINA,1,21,EE. HELEN KELLER,-21.6924798,-51.069082
ADAMANTINA,1,31,EMEF. PROFESSORA TERUYO KIKUTA,-21.683468,-51.0678073
CÂNDIDO MOTA,1,40,EEPG. PROFA. OLGA BREVE ALVES,-22.7554255,-50.3717527
OSVALDO CRUZ,1,126,SESI,-21.8008372,-50.8839758
CÂNDIDO MOTA,1,25,EEPG. CLOTILDE DE CASTRO BARREIRA,-22.7473525,-50.3875546
CÂNDIDO MOTA,1,31,EM. HELENA PUPIM ALBANEZ,-22.7425495,-50.3907126
DRACENA,1,91,COLÉGIO DASK,-21.4898718,-51.5223318
TUPÃ,1,2,EE. ÍNDIA VANUIRE,-21.9350893,-50.5169581
DRACENA,1,96,ESCOLA TÉCNICA CEP/UME,-21.4858446,-51.5317264
TUPÃ,1,18,EE. DR. LÉLIO TOLEDO  PIZA E ALMEIDA,-21.9385669,-50.5163101
CÂNDIDO MOTA,1,71,EMEI JOÃO E MARIA,-22.7547454,-50.3756714
OSVALDO CRUZ,1,113,EE PROFA MARIA APARECIDA LOPES,-21.7974634,-50.8955461
LUCÉLIA,1,12,EE JOSE FIRPO,-1.0,-1.0
PARAPUÃ,1,35,EE DE PARAPUA,-21.778316,-50.7940589
TUPÃ,1,112,ETE. PROF.  MASSUYUKI KAWANO,-21.9388465,-50.5267171
TUPÃ,1,133,EE. PROF. SEBASTIÃO TEIXEIRA PINTO,-21.9384359,-50.5053357
TUPÃ,1,108,EE. MAESTRO NELSON DE CASTRO,-21.9428371,-50.5225869
TUPÃ,1,116,EE. MAESTRO NELSON DE CASTRO,-21.9428371,-50.5225869
TUPÃ,1,161,EMEF. GOVERNADOR MÁRIO COVAS,-21.9443228,-50.4919288
OSVALDO CRUZ,1,105,EE PROFA MARIA APARECIDA LOPES,-21.7974634,-50.8955461
OSVALDO CRUZ,1,63,EE DOM BOSCO,-21.7964924,-50.8799394
CÂNDIDO MOTA,1,2,EEPSG. RACHID JABUR,-22.7407859,-50.391589
CÂNDIDO MOTA,1,10,EE. JOSÉ DOS SANTOS ALMEIDA,-22.7489986,-50.3837065
CÂNDIDO MOTA,1,47,EEPG. PROFA. OLGA BREVE ALVES,-22.7554255,-50.3717527
TUPÃ,1,92,EE. LUIZ DE SOUZA LEÃO,-21.932653,-50.5022959
DRACENA,1,16,FADRA,-21.4863311,-51.5280478
DRACENA,1,37,EMEFI PROFA LUIZA ROSSA RIBEIRO,-21.4872018,-51.5460907
OSVALDO CRUZ,1,9,ETEC AMIM JUNDI,-21.7914906,-50.8765847
DRACENA,1,43,EMEFI PROF SERGIO LIBERATTI,-21.5937486,-51.5878479
CÂNDIDO MOTA,1,74,EM. HELENA PUPIM ALBANEZ,-22.7425495,-50.3907126
DRACENA,1,93,FADRA,-21.4863311,-51.5280478
RANCHARIA,1,66,EE. PROF. MARIO FIORANTE,-22.2301281,-50.9061034
ADAMANTINA,1,24,EE. PROFESSOR DURVALINO GRION,-21.6785734,-51.0768388
ADAMANTINA,1,20,EE. HELEN KELLER,-21.6924798,-51.069082
ADAMANTINA,1,100,EE. HELEN KELLER,-21.6924798,-51.069082
TARUMÃ,1,120,E.M.E.F.E.I. JOSÉ RODRIGUES DOS SANTOS,-22.7457483,-50.5841683
DRACENA,1,44,EMEFI AMADOR FRANCO DA SILVEIRA,-21.5140562,-51.6167994
ADAMANTINA,1,68,EE. HELEN KELLER,-21.6924798,-51.069082
ADAMANTINA,1,6,FACULDADES  ADAMANTINENSES INTEGRADAS - CAMPUS I,-21.6856842,-51.0798299
TUPÃ,1,33,EE. PROF. HELENA PAVANELLI PORTO,-21.9387273,-50.5131266
DRACENA,1,54,FACULDADE REGES,-21.5033029,-51.542601
CÂNDIDO MOTA,1,21,EEPG. CLOTILDE DE CASTRO BARREIRA,-22.7473525,-50.3875546
CÂNDIDO MOTA,1,12,EE. JOSÉ DOS SANTOS ALMEIDA,-22.7489986,-50.3837065
CÂNDIDO MOTA,1,7,EEPSG. RACHID JABUR,-22.7407859,-50.391589
CÂNDIDO MOTA,1,14,EE. JOSÉ DOS SANTOS ALMEIDA,-22.7489986,-50.3837065
OSVALDO CRUZ,1,112,EE PROFA MARIA APARECIDA LOPES,-21.7974634,-50.8955461
RANCHARIA,1,97,EE. JOSÉ GIORGI,-22.2272722,-50.8834943
DRACENA,1,11,EE ENG ISAC PEREIRA GARCEZ,-21.4844021,-51.5313189
PARAPUÃ,1,77,EE DE PARAPUA,-21.778316,-50.7940589
RANCHARIA,1,21,EE. DOM ANTONIO JOSÉ DOS SANTOS,-22.2280026,-50.8917407
CÂNDIDO MOTA,1,70,EMEI JOÃO E MARIA,-22.7547454,-50.3756714
TUPÃ,1,43,EE. PROF. SEBASTIÃO TEIXEIRA PINTO,-21.9384359,-50.5053357
RANCHARIA,1,79,EE. DOM ANTONIO JOSÉ DOS SANTOS,-22.2280026,-50.8917407
RANCHARIA,1,15,EM. DR. JULIO LUCANT,-22.2271764,-50.8917237
RANCHARIA,1,85,EM. DONA MILOCA,-22.2309771,-50.8993541
CÂNDIDO MOTA,1,72,EPG. AGRUPADA,-22.6979581,-50.2908549
RANCHARIA,1,19,EM. DR. JULIO LUCANT,-22.2271764,-50.8917237
RANCHARIA,1,72,EM. LUIZ DORINI,-22.2302582,-50.8758251
ADAMANTINA,1,110,ETE PROFESSOR EUDÉCIO LUIZ VICENTE,-21.6780524,-51.0694713
TUPÃ,1,181,EE. LUIZ DE SOUZA LEÃO,-21.932653,-50.5022959
PARAPUÃ,1,37,EMEF PROFESSORA ZIZI PEREIRA DE SOUZA,-21.782315,-50.7888623
OSVALDO CRUZ,1,10,ETEC AMIM JUNDI,-21.7914906,-50.8765847
CÂNDIDO MOTA,1,61,EEPSG. RACHID JABUR,-22.7407859,-50.391589
PARAPUÃ,1,101,CRECHE ESCOLA PEQUENO PRÍNCIPE,-21.779962,-50.7855859
TUPÃ,1,115,EE .PROF. IRENE RESINA MIGLIORUCCI,-21.9303421,-50.4944143
OSVALDO CRUZ,1,127,SESI,-21.8008372,-50.8839758
TUPÃ,1,50,EE. PROF.  ANÍSIO CARNEIRO,-21.9260699,-50.5106997
RANCHARIA,1,26,EE. DOM ANTONIO JOSÉ DOS SANTOS,-22.2280026,-50.8917407
RANCHARIA,1,35,EM. DONA MILOCA,-22.2309771,-50.8993541
CÂNDIDO MOTA,1,9,EE. JOSÉ DOS SANTOS ALMEIDA,-22.7489986,-50.3837065
ADAMANTINA,1,3,FACULDADES  ADAMANTINENSES INTEGRADAS - CAMPUS I,-21.6856842,-51.0798299
CÂNDIDO MOTA,1,4,EEPSG. RACHID JABUR,-22.7407859,-50.391589
CÂNDIDO MOTA,1,23,EEPG. CLOTILDE DE CASTRO BARREIRA,-22.7473525,-50.3875546
CÂNDIDO MOTA,1,69,EM. HELENA PUPIM ALBANEZ,-22.7425495,-50.3907126
CÂNDIDO MOTA,1,8,EEPSG. RACHID JABUR,-22.7407859,-50.391589
CÂNDIDO MOTA,1,32,EPG. AGRUPADA,-22.6979581,-50.2908549
TUPÃ,1,131,EE .PROF. IRENE RESINA MIGLIORUCCI,-21.9303421,-50.4944143
TUPÃ,1,176,EMEF. PROF. ODINIR MAGNANI,-21.9215103,-50.5308818
TUPÃ,1,54,EE. PROF.  ANÍSIO CARNEIRO,-21.9260699,-50.5106997
OSVALDO CRUZ,1,68,EE DOM BOSCO,-21.7964924,-50.8799394
TARUMÃ,1,125,E.M.E.F.E.I. JOSÉ RODRIGUES DOS SANTOS,-22.7457483,-50.5841683
LUCÉLIA,1,42,EE JOSE FIRPO,-1.0,-1.0
DRACENA,1,106,EE ENG ISAC PEREIRA GARCEZ,-21.4844021,-51.5313189
DRACENA,1,2,EMEFI JOAO VENDRAMINI,-21.4832305,-51.5344182
DRACENA,1,27,EE 9 DE JULHO,-21.4897513,-51.5253035
DRACENA,1,41,EMEFI PROFA LUIZA ROSSA RIBEIRO,-21.4872018,-51.5460907
ADAMANTINA,1,35,EMEF. PROFESSORA TERUYO KIKUTA,-21.683468,-51.0678073
ADAMANTINA,1,97,EMEF. PROFESSOR EURICO LEITE DE MORAES,-21.6593842,-51.0850649
RANCHARIA,1,63,EM. DR. JULIO LUCANT,-22.2271764,-50.8917237
DRACENA,1,87,EE PROFA JULIETA GUEDES DE MENDONCA,-21.4935667,-51.5381708
TARUMÃ,1,131,E.M.E.F.E.I. JOSÉ OSÓRIO DE OLIVEIRA,-22.7481421,-50.5776579
LUCÉLIA,1,46,EMEF.  PROFA SOLEDADE DOMINGUES IGLESIA,-1.0,-1.0
TUPÃ,1,55,EE. PROF.  ANÍSIO CARNEIRO,-21.9260699,-50.5106997
OSVALDO CRUZ,1,116,EMEFI DOUTOR GETULIO VARGAS,-21.7999407,-50.8724599
ADAMANTINA,1,10,EE. PROFESSORA FLEURIDES CAVALLINI MENECHINO,-21.6930535,-51.0701944
LUCÉLIA,1,17,EMEF PROFA MARIA DO CARMO DE MENEZES MENDONCA,-1.0,-1.0
ADAMANTINA,1,22,EE. HELEN KELLER,-21.6924798,-51.069082
OSVALDO CRUZ,1,56,COLÉGIO APOLO,-21.7991197,-50.8734154
TUPÃ,1,135,EE. DR. LÉLIO TOLEDO  PIZA E ALMEIDA,-21.9385669,-50.5163101
CÂNDIDO MOTA,1,27,EEPG. ANTONIO FONTANA,-22.8420265,-50.5195326
CÂNDIDO MOTA,1,59,EM. HELENA PUPIM ALBANEZ,-22.7425495,-50.3907126
CÂNDIDO MOTA,1,56,EEPG. PROFA. OLGA BREVE ALVES,-22.7554255,-50.3717527
CÂNDIDO MOTA,1,75,ETEC PROF. LUIZ PIRES BARBOSA,-22.7429184,-50.374665
ADAMANTINA,1,93,EMEF. NAVARRO DE ANDRADE,-21.6891015,-51.0798656
OSVALDO CRUZ,1,27,COLÉGIO APOLO,-21.7991197,-50.8734154
ADAMANTINA,1,119,FACULDADES  ADAMANTINENSES INTEGRADAS - CAMPUS I,-21.6856842,-51.0798299
TUPÃ,1,41,EE. PROF. SEBASTIÃO TEIXEIRA PINTO,-21.9384359,-50.5053357
DRACENA,1,107,EMEFI PROFA LUIZA ROSSA RIBEIRO,-21.4872018,-51.5460907
RANCHARIA,1,20,EM. DR. JULIO LUCANT,-22.2271764,-50.8917237
TUPÃ,1,109,EE. LUIZ DE SOUZA LEÃO,-21.932653,-50.5022959
CÂNDIDO MOTA,1,50,EE. DR. JOSÉ AUGUSTO DE CARVALHO,-22.7505989,-50.3863
CÂNDIDO MOTA,1,52,EE. JOSÉ DOS SANTOS ALMEIDA,-22.7489986,-50.3837065
ADAMANTINA,1,103,EMEF. NAVARRO DE ANDRADE,-21.6891015,-51.0798656
CÂNDIDO MOTA,1,37,EEPG. PROFA. OLGA BREVE ALVES,-22.7554255,-50.3717527
OSVALDO CRUZ,1,108,ETEC AMIM JUNDI,-21.7914906,-50.8765847
OSVALDO CRUZ,1,62,ETEC AMIM JUNDI,-21.7914906,-50.8765847
OSVALDO CRUZ,1,55,COLÉGIO APOLO,-21.7991197,-50.8734154
DRACENA,1,97,FACULDADE REGES,-21.5033029,-51.542601
TUPÃ,1,98,EE. LUIZ DE SOUZA LEÃO,-21.932653,-50.5022959
LUCÉLIA,1,41,EMEF.  PROFA SOLEDADE DOMINGUES IGLESIA,-1.0,-1.0
TUPÃ,1,182,ETE. PROF.  MASSUYUKI KAWANO,-21.9388465,-50.5267171
CÂNDIDO MOTA,1,53,EE. DR. JOSÉ AUGUSTO DE CARVALHO,-22.7505989,-50.3863
LUCÉLIA,1,8,EE JOSE FIRPO,-1.0,-1.0
TARUMÃ,1,121,E.M.E.F.E.I. JOSÉ RODRIGUES DOS SANTOS,-22.7457483,-50.5841683
TUPÃ,1,107,ETE. PROF.  MASSUYUKI KAWANO,-21.9388465,-50.5267171
ADAMANTINA,1,78,EE. PROFESSORA FLEURIDES CAVALLINI MENECHINO,-21.6930535,-51.0701944
PARAPUÃ,1,119,EE DE PARAPUA,-21.778316,-50.7940589
ADAMANTINA,1,91,EMEF. PROFESSOR EURICO LEITE DE MORAES,-21.6593842,-51.0850649
RANCHARIA,1,92,EE. JOÃO PEREZ SANTOS,-22.5322111,-50.9114426
ADAMANTINA,1,13,EE. PROFESSORA FLEURIDES CAVALLINI MENECHINO,-21.6930535,-51.0701944
LUCÉLIA,1,38,EMEF ARGEMIRO DE ALMEIDA GONZAGA,-1.0,-1.0
ADAMANTINA,1,71,FACULDADES  ADAMANTINENSES INTEGRADAS - CAMPUS I,-21.6856842,-51.0798299
TUPÃ,1,7,EE. ÍNDIA VANUIRE,-21.9350893,-50.5169581
TUPÃ,1,103,ETE. PROF.  MASSUYUKI KAWANO,-21.9388465,-50.5267171
ADAMANTINA,1,72,FACULDADES  ADAMANTINENSES INTEGRADAS - CAMPUS I,-21.6856842,-51.0798299
TUPÃ,1,175,EMEF. PROF. ODINIR MAGNANI,-21.9215103,-50.5308818
OSVALDO CRUZ,1,23,EE DOM BOSCO,-21.7964924,-50.8799394
LUCÉLIA,1,48,EE JOSE FIRPO,-1.0,-1.0
OSVALDO CRUZ,1,15,ETEC AMIM JUNDI,-21.7914906,-50.8765847
LUCÉLIA,1,6,EE JOSE FIRPO,-1.0,-1.0
TUPÃ,1,111,EMEF. PROF. JOÃO GERALDO IORI,-21.9319082,-50.4908439
DRACENA,1,83,EE PROFA JULIETA GUEDES DE MENDONCA,-21.4935667,-51.5381708
OSVALDO CRUZ,1,8,ETEC AMIM JUNDI,-21.7914906,-50.8765847
LUCÉLIA,1,57,EMEF.  PROFA SOLEDADE DOMINGUES IGLESIA,-1.0,-1.0
OSVALDO CRUZ,1,13,ETEC AMIM JUNDI,-21.7914906,-50.8765847
ADAMANTINA,1,96,EE. PROFESSOR DURVALINO GRION,-21.6785734,-51.0768388
LUCÉLIA,1,39,EMEF.  PROFA SOLEDADE DOMINGUES IGLESIA,-1.0,-1.0
OSVALDO CRUZ,1,76,ETEC AMIM JUNDI,-21.7914906,-50.8765847
DRACENA,1,109,COLÉGIO DASK,-21.4898718,-51.5223318
LUCÉLIA,1,9,EE JOSE FIRPO,-1.0,-1.0
TUPÃ,1,73,EE. JOAQUIM ABARCA,-21.9249798,-50.5229554
OSVALDO CRUZ,1,75,EE DOM BOSCO,-21.7964924,-50.8799394
RANCHARIA,1,30,EE. DR. BENEDITO MARTINS BARBOSA,-22.2263605,-50.8905838
DRACENA,1,28,EE 9 DE JULHO,-21.4897513,-51.5253035
RANCHARIA,1,81,EE. DOM ANTONIO JOSÉ DOS SANTOS,-22.2280026,-50.8917407
OSVALDO CRUZ,1,109,EE PROFA MARIA APARECIDA LOPES,-21.7974634,-50.8955461
CÂNDIDO MOTA,1,20,EEPG. CLOTILDE DE CASTRO BARREIRA,-22.7473525,-50.3875546
LUCÉLIA,1,30,EMEF.  PROFA SOLEDADE DOMINGUES IGLESIA,-1.0,-1.0
ADAMANTINA,1,92,EE. HELEN KELLER,-21.6924798,-51.069082
TARUMÃ,1,134,E.M.E.F.E.I. JOSÉ OSÓRIO DE OLIVEIRA,-22.7481421,-50.5776579
TUPÃ,1,77,EE. JOAQUIM ABARCA,-21.9249798,-50.5229554
TUPÃ,1,187,EMEIEF PROF. THIAGO ALVES DA SILVA LEANDRO,-21.9228488,-50.4939619
TUPÃ,1,183,EE. LUIZ DE SOUZA LEÃO,-21.932653,-50.5022959
DRACENA,1,8,EE ENG ISAC PEREIRA GARCEZ,-21.4844021,-51.5313189
OSVALDO CRUZ,1,120,SESI,-21.8008372,-50.8839758
ADAMANTINA,1,25,EE. PROFESSOR DURVALINO GRION,-21.6785734,-51.0768388
CÂNDIDO MOTA,1,44,EE. DR. JOSÉ AUGUSTO DE CARVALHO,-22.7505989,-50.3863
ADAMANTINA,1,76,EE. PROFESSOR DURVALINO GRION,-21.6785734,-51.0768388
DRACENA,1,104,EE PROFA JULIETA GUEDES DE MENDONCA,-21.4935667,-51.5381708
DRACENA,1,68,EE 9 DE JULHO,-21.4897513,-51.5253035
LUCÉLIA,1,26,EMEF ARGEMIRO DE ALMEIDA GONZAGA,-1.0,-1.0
ADAMANTINA,1,19,EE. HELEN KELLER,-21.6924798,-51.069082
ADAMANTINA,1,28,EE. PROFESSOR DURVALINO GRION,-21.6785734,-51.0768388
DRACENA,1,72,E.E ALFREDO MACHADO,-21.4906607,-51.5537528
OSVALDO CRUZ,1,22,EE DOM BOSCO,-21.7964924,-50.8799394
ADAMANTINA,1,33,EMEF. PROFESSORA TERUYO KIKUTA,-21.683468,-51.0678073
CÂNDIDO MOTA,1,15,EE. JOSÉ DOS SANTOS ALMEIDA,-22.7489986,-50.3837065
RANCHARIA,1,95,EM. DONA MILOCA,-22.2309771,-50.8993541
LUCÉLIA,1,13,EMEF.  PROFA SOLEDADE DOMINGUES IGLESIA,-1.0,-1.0
TUPÃ,1,71,EE.  PROF. ESTHER VERIS CERPE,-21.9314332,-50.5213298
ADAMANTINA,1,104,EE. PROFESSORA FLEURIDES CAVALLINI MENECHINO,-21.6930535,-51.0701944
DRACENA,1,103,E.E ALFREDO MACHADO,-21.4906607,-51.5537528
LUCÉLIA,1,11,EE JOSE FIRPO,-1.0,-1.0
LUCÉLIA,1,54,EMEF ARGEMIRO DE ALMEIDA GONZAGA,-1.0,-1.0
TARUMÃ,1,130,E.M.E.F.E.I. MARIA ANTONIA BENELLI,-22.7434933,-50.5728068
ADAMANTINA,1,7,EE. PROFESSORA FLEURIDES CAVALLINI MENECHINO,-21.6930535,-51.0701944
ADAMANTINA,1,118,ETE PROFESSOR EUDÉCIO LUIZ VICENTE,-21.6780524,-51.0694713
TUPÃ,1,86,EE. JOAQUIM ABARCA,-21.9249798,-50.5229554
TUPÃ,1,157,EE .PROF. IRENE RESINA MIGLIORUCCI,-21.9303421,-50.4944143
TARUMÃ,1,210,EE. VILA DO LAGO,-22.7519583,-50.5785583
OSVALDO CRUZ,1,88,EMEFI DOUTOR GETULIO VARGAS,-21.7999407,-50.8724599
TUPÃ,1,75,EE. JOAQUIM ABARCA,-21.9249798,-50.5229554
TUPÃ,1,160,EMEF. GOVERNADOR MÁRIO COVAS,-21.9443228,-50.4919288
PARAPUÃ,1,89,EE DE PARAPUA,-21.778316,-50.7940589
TUPÃ,1,52,EE. PROF.  ANÍSIO CARNEIRO,-21.9260699,-50.5106997
TUPÃ,1,153,EE .PROF. IRENE RESINA MIGLIORUCCI,-21.9303421,-50.4944143
TUPÃ,1,62,EE. JOÃO BREDIKS,-22.0807268,-50.5385296
TUPÃ,1,93,EE. DR. LÉLIO TOLEDO  PIZA E ALMEIDA,-21.9385669,-50.5163101
TUPÃ,1,185,EMEF. PROF. ODINIR MAGNANI,-21.9215103,-50.5308818
DRACENA,1,92,FACULDADE REGES,-21.5033029,-51.542601
ADAMANTINA,1,111,EMEF. PROFESSOR EURICO LEITE DE MORAES,-21.6593842,-51.0850649
TUPÃ,1,88,EE. ÍNDIA VANUIRE,-21.9350893,-50.5169581
DRACENA,1,30,EE PROFA JULIETA GUEDES DE MENDONCA,-21.4935667,-51.5381708
TUPÃ,1,101,EE. LUIZ DE SOUZA LEÃO,-21.932653,-50.5022959
TUPÃ,1,142,EE. DR. LÉLIO TOLEDO  PIZA E ALMEIDA,-21.9385669,-50.5163101
TUPÃ,1,72,EE.  PROF. ESTHER VERIS CERPE,-21.9314332,-50.5213298
TUPÃ,1,3,EE. ÍNDIA VANUIRE,-21.9350893,-50.5169581
TUPÃ,1,24,EE. JOAQUIM ABARCA,-21.9249798,-50.5229554
DRACENA,1,6,FACULDADE DE DRACENA - FAD/UNIESP,-1.0,-1.0
RANCHARIA,1,51,EE. DR. BENEDITO MARTINS BARBOSA,-22.2263605,-50.8905838
RANCHARIA,1,77,EM. LUIZ DORINI,-22.2302582,-50.8758251
CÂNDIDO MOTA,1,11,EE. JOSÉ DOS SANTOS ALMEIDA,-22.7489986,-50.3837065
OSVALDO CRUZ,1,18,EMEFI DOUTOR GETULIO VARGAS,-21.7999407,-50.8724599
CÂNDIDO MOTA,1,41,EEPG. PROFA. OLGA BREVE ALVES,-22.7554255,-50.3717527
ADAMANTINA,1,80,EMEF. PROFESSORA TERUYO KIKUTA,-21.683468,-51.0678073
ADAMANTINA,1,94,EMEF. PROFESSORA TERUYO KIKUTA,-21.683468,-51.0678073
DRACENA,1,89,FADRA,-21.4863311,-51.5280478
DRACENA,1,71,FADRA,-21.4863311,-51.5280478
DRACENA,1,82,ESCOLA TÉCNICA CEP/UME,-21.4858446,-51.5317264
CÂNDIDO MOTA,1,3,EEPSG. RACHID JABUR,-22.7407859,-50.391589
CÂNDIDO MOTA,1,76,EMEI JOÃO E MARIA,-22.7547454,-50.3756714
RANCHARIA,1,90,EE. PROF. MARIO FIORANTE,-22.2301281,-50.9061034
OSVALDO CRUZ,1,12,ETEC AMIM JUNDI,-21.7914906,-50.8765847
TUPÃ,1,14,EE. DR. LÉLIO TOLEDO  PIZA E ALMEIDA,-21.9385669,-50.5163101
CÂNDIDO MOTA,1,38,EEPG. ANTONIO FONTANA,-22.8420265,-50.5195326
RANCHARIA,1,24,EE. DOM ANTONIO JOSÉ DOS SANTOS,-22.2280026,-50.8917407
OSVALDO CRUZ,1,73,EMEFI DOUTOR GETULIO VARGAS,-21.7999407,-50.8724599
ADAMANTINA,1,9,EE. PROFESSORA FLEURIDES CAVALLINI MENECHINO,-21.6930535,-51.0701944
TARUMÃ,1,140,EE. VILA DO LAGO,-22.7519583,-50.5785583
OSVALDO CRUZ,1,81,SESI,-21.8008372,-50.8839758
CÂNDIDO MOTA,1,48,EE. DR. JOSÉ AUGUSTO DE CARVALHO,-22.7505989,-50.3863
RANCHARIA,1,91,EE. DR. BENEDITO MARTINS BARBOSA,-22.2263605,-50.8905838
TARUMÃ,1,116,E.M.E.F.E.I. GILBERTO LEX,-22.7525683,-50.5773583
RANCHARIA,1,100,EM. LUIZ DORINI,-22.2302582,-50.8758251
CÂNDIDO MOTA,1,43,EE. DR. JOSÉ AUGUSTO DE CARVALHO,-22.7505989,-50.3863
RANCHARIA,1,99,EE. JOSÉ GIORGI,-22.2272722,-50.8834943
ADAMANTINA,1,14,EE. PROFESSORA FLEURIDES CAVALLINI MENECHINO,-21.6930535,-51.0701944
PARAPUÃ,1,94,EMEF PROFESSORA ZIZI PEREIRA DE SOUZA,-21.782315,-50.7888623
PARAPUÃ,1,40,EMEF PROFESSORA ZIZI PEREIRA DE SOUZA,-21.782315,-50.7888623
DRACENA,1,59,FACULDADE REGES,-21.5033029,-51.542601
TARUMÃ,1,111,E.M.E.F.E.I. GILBERTO LEX,-22.7525683,-50.5773583
DRACENA,1,42,EMEFI PROF SERGIO LIBERATTI,-21.5937486,-51.5878479
LUCÉLIA,1,36,EMEF.  PROFA SOLEDADE DOMINGUES IGLESIA,-1.0,-1.0
LUCÉLIA,1,21,EMEF PROFA MARIA DO CARMO DE MENEZES MENDONCA,-1.0,-1.0
OSVALDO CRUZ,1,125,EE PROFA MARIA APARECIDA LOPES,-21.7974634,-50.8955461
RANCHARIA,1,75,UEI NORIVAL SCHWARTZ,-22.2359551,-50.8937667
RANCHARIA,1,87,ASSOCIAÇÃO DE PAIS E AMIGOS DOS EXCEPCIONAIS,-22.2279013,-50.8937046
ADAMANTINA,1,18,EE. HELEN KELLER,-21.6924798,-51.069082
TUPÃ,1,117,EE. LUIZ DE SOUZA LEÃO,-21.932653,-50.5022959
RANCHARIA,1,34,EM. DONA MILOCA,-22.2309771,-50.8993541
DRACENA,1,74,FACULDADE REGES,-21.5033029,-51.542601
ADAMANTINA,1,102,EMEF. NAVARRO DE ANDRADE,-21.6891015,-51.0798656
OSVALDO CRUZ,1,66,EE DOM BOSCO,-21.7964924,-50.8799394
TARUMÃ,1,132,E.M.E.F.E.I. JOSÉ OSÓRIO DE OLIVEIRA,-22.7481421,-50.5776579
PARAPUÃ,1,36,EE DE PARAPUA,-21.778316,-50.7940589
PARAPUÃ,1,43,EMEF PROFESSORA ZIZI PEREIRA DE SOUZA,-21.782315,-50.7888623
RANCHARIA,1,76,UEI NORIVAL SCHWARTZ,-22.2359551,-50.8937667
OSVALDO CRUZ,1,16,ETEC AMIM JUNDI,-21.7914906,-50.8765847
TUPÃ,1,105,EE. LUIZ DE SOUZA LEÃO,-21.932653,-50.5022959
TUPÃ,1,149,EE. MAESTRO NELSON DE CASTRO,-21.9428371,-50.5225869
TARUMÃ,1,211,E.M.E.F.E.I. GILBERTO LEX,-22.7525683,-50.5773583
DRACENA,1,3,EMEFI JOAO VENDRAMINI,-21.4832305,-51.5344182
DRACENA,1,10,EE ENG ISAC PEREIRA GARCEZ,-21.4844021,-51.5313189
DRACENA,1,40,EMEFI PROFA LUIZA ROSSA RIBEIRO,-21.4872018,-51.5460907
TARUMÃ,1,138,EE. VILA DO LAGO,-22.7519583,-50.5785583
LUCÉLIA,1,61,EMEF PROF CARLOS BUENO,-1.0,-1.0
OSVALDO CRUZ,1,28,COLÉGIO APOLO,-21.7991197,-50.8734154
TUPÃ,1,27,EE. JOAQUIM ABARCA,-21.9249798,-50.5229554
ADAMANTINA,1,84,ETE PROFESSOR EUDÉCIO LUIZ VICENTE,-21.6780524,-51.0694713
DRACENA,1,31,EE PROFA JULIETA GUEDES DE MENDONCA,-21.4935667,-51.5381708
PARAPUÃ,1,33,EE DE PARAPUA,-21.778316,-50.7940589
TUPÃ,1,159,EMEF. GOVERNADOR MÁRIO COVAS,-21.9443228,-50.4919288
TARUMÃ,1,209,E.M.E.F.E.I. JOSÉ OSÓRIO DE OLIVEIRA,-22.7481421,-50.5776579
TUPÃ,1,130,EMEF. PROF. JOÃO GERALDO IORI,-21.9319082,-50.4908439
ADAMANTINA,1,105,FACULDADES  ADAMANTINENSES INTEGRADAS - CAMPUS I,-21.6856842,-51.0798299
DRACENA,1,77,E.E ALFREDO MACHADO,-21.4906607,-51.5537528
TUPÃ,1,23,EE. JOAQUIM ABARCA,-21.9249798,-50.5229554
TUPÃ,1,22,EE. ÍNDIA VANUIRE,-21.9350893,-50.5169581
DRACENA,1,75,COLÉGIO DASK,-21.4898718,-51.5223318
TUPÃ,1,78,EE. JOAQUIM ABARCA,-21.9249798,-50.5229554
ADAMANTINA,1,38,EMEF. NAVARRO DE ANDRADE,-21.6891015,-51.0798656
LUCÉLIA,1,16,EMEF PROFA MARIA DO CARMO DE MENEZES MENDONCA,-1.0,-1.0
CÂNDIDO MOTA,1,28,EPG. AGRUPADA,-22.6979581,-50.2908549
DRACENA,1,17,FADRA,-21.4863311,-51.5280478
DRACENA,1,64,ESCOLA TÉCNICA CEP/UME,-21.4858446,-51.5317264
RANCHARIA,1,44,EM. DONA MILOCA,-22.2309771,-50.8993541
DRACENA,1,20,FADRA,-21.4863311,-51.5280478
RANCHARIA,1,27,EE. DR. BENEDITO MARTINS BARBOSA,-22.2263605,-50.8905838
RANCHARIA,1,52,EE. DR. BENEDITO MARTINS BARBOSA,-22.2263605,-50.8905838
RANCHARIA,1,14,ASSOCIAÇÃO DE PAIS E AMIGOS DOS EXCEPCIONAIS,-22.2279013,-50.8937046
ADAMANTINA,1,34,EMEF. PROFESSORA TERUYO KIKUTA,-21.683468,-51.0678073
TUPÃ,1,38,EE. ÍNDIA VANUIRE,-21.9350893,-50.5169581
OSVALDO CRUZ,1,11,ETEC AMIM JUNDI,-21.7914906,-50.8765847
OSVALDO CRUZ,1,71,ETEC AMIM JUNDI,-21.7914906,-50.8765847
